{
"meta":{"test_sets":[],"test_metrics":[],"learn_metrics":[{"best_value":"Min","name":"Logloss"}],"launch_mode":"Train","parameters":"","iteration_count":200,"learn_sets":["learn"],"name":"experiment"},
"iterations":[
{"learn":[0.5886609679],"iteration":0,"passed_time":0.3626883094,"remaining_time":72.17497358,,
{"learn":[0.5019950119],"iteration":1,"passed_time":0.5851687342,"remaining_time":57.9317046,
,
{"learn":[0.4331424653],"iteration":2,"passed_time":0.7137705013,"remaining_time":46.8709295,
,
{"learn":[0.3795216138],"iteration":3,"passed_time":0.8445481061,"remaining_time":41.3828572,,
{"learn":[0.3362191053],"iteration":4,"passed_time":0.9528436402,"remaining_time":37.1609019,
,
{"learn":[0.2987001485],"iteration":5,"passed_time":1.056682093,"remaining_time":34.16605,
{",
{"learn":[0.2677840275],"iteration":6,"passed_time":1.171494419,"remaining_time":32.2997,
{,,
{"learn":[0.2446621423],"iteration":7,"passed_time":1.278442101,"remaining_time":30.68261,
{,,
{"learn":[0.2242054526],"iteration":8,"passed_time":1.403976878,"remaining_time":29.79550,
{,,
{"learn":[0.2075925576],"iteration":9,"passed_time":1.525776834,"remaining_time":28.98975,
,
,
{"learn":[0.1932093824],"iteration":10,"passed_time":1.633068072,"remaining_time":28.05907,
{",
{"learn":[0.1800731592],"iteration":11,"passed_time":1.737389049,"remaining_time":27.21909,
{,
{"learn":[0.1701576157],"iteration":12,"passed_time":1.833065263,"remaining_time":26.367,
{,
{,
{"learn":[0.1604323632],"iteration":13,"passed_time":1.944746614,"remaining_time":25.837,
{,
{"learn":[0.1519522171],"iteration":14,"passed_time":2.134502792,"remaining_time":26.325534,
{,
{"learn":[0.145072839],"iteration":15,"passed_time":2.24846952,"remaining_time":25.857399,
{,
{"learn":[0.139468695],"iteration":16,"passed_time":2.37217055,"remaining_time":25.53571827,,
{"learn":[0.1339567693],"iteration":17,"passed_time":2.484170254,"remaining_time":25.1177214,
,
{"learn":[0.1291253396],"iteration":18,"passed_time":2.61671255,"remaining_time":24.9276300,
,
{"learn":[0.1251868198],"iteration":19,"passed_time":2.741090323,"remaining_time":24.6698129,
,
{"learn":[0.1213990979],"iteration":20,"passed_time":2.855993635,"remaining_time":24.3439457,
,
{"learn":[0.118139775],"iteration":21,"passed_time":2.988187985,"remaining_time":24.177157,
{,
{"learn":[0.1151824493],"iteration":22,"passed_time":3.090605744,"remaining_time":23.7842,
{"l,
{"learn":[0.1124466386],"iteration":23,"passed_time":3.201553955,"remaining_time":23.4780,
{"l,
{"learn":[0.1102304894],"iteration":24,"passed_time":3.318527111,"remaining_time":23.2296,
{"l,
{"learn":[0.1080374893],"iteration":25,"passed_time":3.414334855,"remaining_time":22.8497,
{"l,
{"learn":[0.1063582607],"iteration":26,"passed_time":3.531526655,"remaining_time":22.6279,
{"l,
{"learn":[0.1044854599],"iteration":27,"passed_time":3.638732613,"remaining_time":22.3522,
{"l,
{"learn":[0.1030202203],"iteration":28,"passed_time":3.734606288,"remaining_time":22.021,
{"le,
{"learn":[0.1016317094],"iteration":29,"passed_time":3.834059765,"remaining_time":21.72,
{"lea,
{"learn":[0.1002076018],"iteration":30,"passed_time":3.946900699,"remaining_time":21.51,
{"lea,
{"learn":[0.0990283111],"iteration":31,"passed_time":4.073987964,"remaining_time":21.38,
{"lea,
{"learn":[0.09783353065],"iteration":32,"passed_time":4.196987064,"remaining_time":21.23,
{"lea,
{"learn":[0.09663211541],"iteration":33,"passed_time":4.289526941,"remaining_time":20.94,
{"lea,
{"learn":[0.09550923399],"iteration":34,"passed_time":4.402155021,"remaining_time":20.75,
{"lea,
{"learn":[0.09436776199],"iteration":35,"passed_time":4.505193021,"remaining_time":20.52,
{"learn":[0.09456939624],"iteration":36,"passed_time":4.523786967,"remaining_time":19.92911556},
{"lea,
{"learn":[0.0928486854],"iteration":37,"passed_time":4.714960895,"remaining_time":20.100,
{"learn":[0.09304258541],"iteration":38,"passed_time":4.733783154,"remaining_time":19.54202789},
{"learn":[0.0921092661],"iteration":39,"passed_time":4.843863649,"remaining_time":19.3754546},
{"learn":[0.09139718375],"iteration":40,"passed_time":4.953366374,"remaining_time":19.20939642},
{"learn":[0.09080318082],"iteration":41,"passed_time":5.149474279,"remaining_time":19.37183181},
{"learn":[0.09018881409],"iteration":42,"passed_time":5.256265294,"remaining_time":19.19148026},
{"learn":[0.08950702392],"iteration":43,"passed_time":5.364630862,"remaining_time":19.02005487},
{"learn":[0.08891143938],"iteration":44,"passed_time":5.51338773,"remaining_time":18.99055774},
{"learn":[0.08798302602],"iteration":45,"passed_time":5.610602501,"remaining_time":18.78332142},
{"learn":[0.0875144747],"iteration":46,"passed_time":5.71449611,"remaining_time":18.60250861},
{"learn":[0.0869939408],"iteration":47,"passed_time":5.81607232,"remaining_time":18.41756235},
{"learn":[0.08655192948],"iteration":48,"passed_time":5.915020566,"remaining_time":18.22792052},
{"learn":[0.08594348853],"iteration":49,"passed_time":6.016810514,"remaining_time":18.05043154},
{"learn":[0.08537943254],"iteration":50,"passed_time":6.109745555,"remaining_time":17.85004094},
{"learn":[0.0849193299],"iteration":51,"passed_time":6.218535336,"remaining_time":17.69890826},
{"learn":[0.08451983376],"iteration":52,"passed_time":6.328717671,"remaining_time":17.55323581},
{,
{"learn":[0.08444078003],"iteration":53,"passed_time":6.425430446,"remaining_time":17.372460,
{"learn":[0.08374757318],"iteration":54,"passed_time":6.530409199,"remaining_time":17.21653334},
{"learn":[0.08336396334],"iteration":55,"passed_time":6.632803755,"remaining_time":17.05578109},,
{"learn":[0.0832499575],"iteration":56,"passed_time":6.726069355,"remaining_time":16.874174},
{"learn":[0.08290769462],"iteration":57,"passed_time":6.842794578,"remaining_time":16.75304879},
{"learn":[0.08248687336],"iteration":58,"passed_time":6.949104699,"remaining_time":16.60718242},
{"learn":[0.08226722905],"iteration":59,"passed_time":7.046942081,"remaining_time":16.44286486},
{"learn":[0.08194074016],"iteration":60,"passed_time":7.144355878,"remaining_time":16.27976176},
{"learn":[0.08160028845],"iteration":61,"passed_time":7.237358492,"remaining_time":16.10895922},
{"learn":[0.08117827177],"iteration":62,"passed_time":7.333839051,"remaining_time":15.94818968},,
{"learn":[0.08013300599],"iteration":63,"passed_time":7.449049899,"remaining_time":15.82923104,,
{"learn":[0.07984423358],"iteration":64,"passed_time":7.557404682,"remaining_time":15.6961481,
,
{"learn":[0.079494424],"iteration":65,"passed_time":7.670269168,"remaining_time":15.57297073},
{"learn":[0.0790370392],"iteration":66,"passed_time":7.773585846,"remaining_time":15.43114802},
{"learn":[0.07857635953],"iteration":67,"passed_time":7.882706646,"remaining_time":15.30172467},
{"learn":[0.07826444958],"iteration":68,"passed_time":7.986948154,"remaining_time":15.16362621},
{"learn":[0.07806508696],"iteration":69,"passed_time":8.108563019,"remaining_time":15.05875989},
{"learn":[0.07778593641],"iteration":70,"passed_time":8.221424008,"remaining_time":14.93751686},
{"learn":[0.07754587191],"iteration":71,"passed_time":8.333440765,"remaining_time":14.81500581},
{"learn":[0.07736086616],"iteration":72,"passed_time":8.443255256,"remaining_time":14.68895092},
{"learn":[0.07714195301],"iteration":73,"passed_time":8.545315431,"remaining_time":14.55013168},
{"learn":[0.07678419094],"iteration":74,"passed_time":8.64266917,"remaining_time":14.40444862},
{"learn":[0.07646670737],"iteration":75,"passed_time":8.75379173,"remaining_time":14.2825023},
{"learn":[0.07616345165],"iteration":76,"passed_time":8.854376997,"remaining_time":14.14400481},
{"learn":[0.07592854185],"iteration":77,"passed_time":8.964559939,"remaining_time":14.02149119},
{"learn":[0.07573238823],"iteration":78,"passed_time":9.085655344,"remaining_time":13.91600376},
{"learn":[0.07543486494],"iteration":79,"passed_time":9.195555151,"remaining_time":13.79333273},
{"learn":[0.07519202877],"iteration":80,"passed_time":9.311893711,