Model,ROC-AUC,Precision,Recall,F1-Score,PR-AUC
xgboost_tuned,0.9915297271525999,0.8045808966861598,0.8384966988318944,0.8211887590151703,0.9084320048914993
lightgbm,0.9913988656066546,0.7074961360123647,0.9299136617572372,0.8035988588983981,0.9069676955973233
xgboost,0.9913656769876396,0.6920777279521674,0.9405789740985272,0.7974165769644779,0.9063568586112115
catboost,0.9911045206412921,0.6971537001897533,0.9329608938547486,0.7980017376194614,0.9025492559974936
random_forest,0.9895098800410514,0.6958015267175572,0.925850685627222,0.7945086075397689,0.8801966239609943
logistic_regression,0.9744620150927967,0.5069940051384527,0.9019807008633824,0.6491228070175439,0.8226183584307661
